Category,Subcategory,Word,Usage_Context,Platform_Optimized
subjects,people_professions,person,Subject/Main focus of image,All platforms
subjects,people_professions,woman,Subject/Main focus of image,All platforms
subjects,people_professions,man,Subject/Main focus of image,All platforms
subjects,people_professions,child,Subject/Main focus of image,All platforms
subjects,people_professions,teenager,Subject/Main focus of image,All platforms
subjects,people_professions,adult,Subject/Main focus of image,All platforms
subjects,people_professions,elderly,Subject/Main focus of image,All platforms
subjects,people_professions,individual,Subject/Main focus of image,All platforms
subjects,people_professions,character,Subject/Main focus of image,All platforms
subjects,people_professions,figure,Subject/Main focus of image,All platforms
subjects,people_professions,model,Subject/Main focus of image,All platforms
subjects,people_professions,subject,Subject/Main focus of image,All platforms
subjects,people_professions,human,Subject/Main focus of image,All platforms
subjects,people_professions,being,Subject/Main focus of image,All platforms
subjects,people_professions,portrait,Subject/Main focus of image,All platforms
subjects,people_professions,face,Subject/Main focus of image,All platforms
subjects,people_professions,expression,Subject/Main focus of image,All platforms
subjects,people_professions,eyes,Subject/Main focus of image,All platforms
subjects,people_professions,smile,Subject/Main focus of image,All platforms
subjects,people_professions,gaze,Subject/Main focus of image,All platforms
subjects,people_professions,look,Subject/Main focus of image,All platforms
subjects,people_professions,appearance,Subject/Main focus of image,All platforms
subjects,people_professions,professional,Subject/Main focus of image,All platforms
subjects,people_professions,artist,Subject/Main focus of image,All platforms
subjects,people_professions,musician,Subject/Main focus of image,All platforms
subjects,people_professions,dancer,Subject/Main focus of image,All platforms
subjects,people_professions,athlete,Subject/Main focus of image,All platforms
subjects,people_professions,student,Subject/Main focus of image,All platforms
subjects,people_professions,worker,Subject/Main focus of image,All platforms
subjects,people_professions,executive,Subject/Main focus of image,All platforms
subjects,people_professions,entrepreneur,Subject/Main focus of image,All platforms
subjects,people_professions,creator,Subject/Main focus of image,All platforms
subjects,people_professions,innovator,Subject/Main focus of image,All platforms
subjects,people_professions,leader,Subject/Main focus of image,All platforms
subjects,people_professions,warrior,Subject/Main focus of image,All platforms
subjects,people_professions,hero,Subject/Main focus of image,All platforms
subjects,people_professions,villain,Subject/Main focus of image,All platforms
subjects,people_professions,protagonist,Subject/Main focus of image,All platforms
subjects,people_professions,antagonist,Subject/Main focus of image,All platforms
subjects,people_professions,character,Subject/Main focus of image,All platforms
subjects,people_professions,celebrity,Subject/Main focus of image,All platforms
subjects,people_professions,influencer,Subject/Main focus of image,All platforms
subjects,people_professions,public figure,Subject/Main focus of image,All platforms
subjects,people_professions,personality,Subject/Main focus of image,All platforms
subjects,people_professions,icon,Subject/Main focus of image,All platforms
subjects,people_professions,doctor,Subject/Main focus of image,All platforms
subjects,people_professions,nurse,Subject/Main focus of image,All platforms
subjects,people_professions,surgeon,Subject/Main focus of image,All platforms
subjects,people_professions,physician,Subject/Main focus of image,All platforms
subjects,people_professions,therapist,Subject/Main focus of image,All platforms
subjects,people_professions,psychologist,Subject/Main focus of image,All platforms
subjects,people_professions,teacher,Subject/Main focus of image,All platforms
subjects,people_professions,professor,Subject/Main focus of image,All platforms
subjects,people_professions,educator,Subject/Main focus of image,All platforms
subjects,people_professions,instructor,Subject/Main focus of image,All platforms
subjects,people_professions,tutor,Subject/Main focus of image,All platforms
subjects,people_professions,mentor,Subject/Main focus of image,All platforms
subjects,people_professions,engineer,Subject/Main focus of image,All platforms
subjects,people_professions,architect,Subject/Main focus of image,All platforms
subjects,people_professions,designer,Subject/Main focus of image,All platforms
subjects,people_professions,developer,Subject/Main focus of image,All platforms
subjects,people_professions,programmer,Subject/Main focus of image,All platforms
subjects,people_professions,analyst,Subject/Main focus of image,All platforms
subjects,people_professions,lawyer,Subject/Main focus of image,All platforms
subjects,people_professions,judge,Subject/Main focus of image,All platforms
subjects,people_professions,attorney,Subject/Main focus of image,All platforms
subjects,people_professions,paralegal,Subject/Main focus of image,All platforms
subjects,people_professions,consultant,Subject/Main focus of image,All platforms
subjects,people_professions,advisor,Subject/Main focus of image,All platforms
subjects,people_professions,chef,Subject/Main focus of image,All platforms
subjects,people_professions,cook,Subject/Main focus of image,All platforms
subjects,people_professions,baker,Subject/Main focus of image,All platforms
subjects,people_professions,bartender,Subject/Main focus of image,All platforms
subjects,people_professions,waiter,Subject/Main focus of image,All platforms
subjects,people_professions,server,Subject/Main focus of image,All platforms
subjects,people_professions,sommelier,Subject/Main focus of image,All platforms
subjects,people_professions,photographer,Subject/Main focus of image,All platforms
subjects,people_professions,videographer,Subject/Main focus of image,All platforms
subjects,people_professions,filmmaker,Subject/Main focus of image,All platforms
subjects,people_professions,director,Subject/Main focus of image,All platforms
subjects,people_professions,producer,Subject/Main focus of image,All platforms
subjects,people_professions,editor,Subject/Main focus of image,All platforms
subjects,people_professions,journalist,Subject/Main focus of image,All platforms
subjects,people_professions,reporter,Subject/Main focus of image,All platforms
subjects,people_professions,writer,Subject/Main focus of image,All platforms
subjects,people_professions,author,Subject/Main focus of image,All platforms
subjects,people_professions,blogger,Subject/Main focus of image,All platforms
subjects,people_professions,content creator,Subject/Main focus of image,All platforms
subjects,people_professions,scientist,Subject/Main focus of image,All platforms
subjects,people_professions,researcher,Subject/Main focus of image,All platforms
subjects,people_professions,biologist,Subject/Main focus of image,All platforms
subjects,people_professions,chemist,Subject/Main focus of image,All platforms
subjects,people_professions,physicist,Subject/Main focus of image,All platforms
subjects,people_professions,mathematician,Subject/Main focus of image,All platforms
subjects,people_professions,pilot,Subject/Main focus of image,All platforms
subjects,people_professions,captain,Subject/Main focus of image,All platforms
subjects,people_professions,sailor,Subject/Main focus of image,All platforms
subjects,people_professions,driver,Subject/Main focus of image,All platforms
subjects,people_professions,mechanic,Subject/Main focus of image,All platforms
subjects,people_professions,technician,Subject/Main focus of image,All platforms
subjects,people_professions,electrician,Subject/Main focus of image,All platforms
subjects,people_professions,plumber,Subject/Main focus of image,All platforms
subjects,people_professions,carpenter,Subject/Main focus of image,All platforms
subjects,people_professions,builder,Subject/Main focus of image,All platforms
subjects,people_professions,mason,Subject/Main focus of image,All platforms
subjects,people_professions,welder,Subject/Main focus of image,All platforms
subjects,people_professions,painter,Subject/Main focus of image,All platforms
subjects,people_professions,decorator,Subject/Main focus of image,All platforms
subjects,people_professions,farmer,Subject/Main focus of image,All platforms
subjects,people_professions,gardener,Subject/Main focus of image,All platforms
subjects,people_professions,landscaper,Subject/Main focus of image,All platforms
subjects,people_professions,florist,Subject/Main focus of image,All platforms
subjects,people_professions,veterinarian,Subject/Main focus of image,All platforms
subjects,people_professions,trainer,Subject/Main focus of image,All platforms
subjects,people_professions,librarian,Subject/Main focus of image,All platforms
subjects,people_professions,curator,Subject/Main focus of image,All platforms
subjects,people_professions,historian,Subject/Main focus of image,All platforms
subjects,people_professions,archaeologist,Subject/Main focus of image,All platforms
subjects,people_professions,anthropologist,Subject/Main focus of image,All platforms
subjects,people_professions,philosopher,Subject/Main focus of image,All platforms
subjects,people_professions,theologian,Subject/Main focus of image,All platforms
subjects,people_professions,monk,Subject/Main focus of image,All platforms
subjects,people_professions,priest,Subject/Main focus of image,All platforms
subjects,people_professions,shaman,Subject/Main focus of image,All platforms
subjects,people_professions,mystic,Subject/Main focus of image,All platforms
subjects,people_professions,soldier,Subject/Main focus of image,All platforms
subjects,people_professions,officer,Subject/Main focus of image,All platforms
subjects,people_professions,general,Subject/Main focus of image,All platforms
subjects,people_professions,commander,Subject/Main focus of image,All platforms
subjects,people_professions,scout,Subject/Main focus of image,All platforms
subjects,people_professions,guard,Subject/Main focus of image,All platforms
subjects,people_professions,knight,Subject/Main focus of image,All platforms
subjects,people_professions,merchant,Subject/Main focus of image,All platforms
subjects,people_professions,trader,Subject/Main focus of image,All platforms
subjects,people_professions,shopkeeper,Subject/Main focus of image,All platforms
subjects,people_professions,vendor,Subject/Main focus of image,All platforms
subjects,people_professions,salesperson,Subject/Main focus of image,All platforms
subjects,people_professions,clerk,Subject/Main focus of image,All platforms
subjects,people_professions,banker,Subject/Main focus of image,All platforms
subjects,people_professions,accountant,Subject/Main focus of image,All platforms
subjects,people_professions,auditor,Subject/Main focus of image,All platforms
subjects,people_professions,economist,Subject/Main focus of image,All platforms
subjects,people_professions,financier,Subject/Main focus of image,All platforms
subjects,people_professions,investor,Subject/Main focus of image,All platforms
subjects,people_professions,firefighter,Subject/Main focus of image,All platforms
subjects,people_professions,paramedic,Subject/Main focus of image,All platforms
subjects,people_professions,police officer,Subject/Main focus of image,All platforms
subjects,people_professions,detective,Subject/Main focus of image,All platforms
subjects,people_professions,security guard,Subject/Main focus of image,All platforms
subjects,people_professions,social worker,Subject/Main focus of image,All platforms
subjects,people_professions,counselor,Subject/Main focus of image,All platforms
subjects,people_professions,therapist,Subject/Main focus of image,All platforms
subjects,people_professions,coach,Subject/Main focus of image,All platforms
subjects,people_professions,trainer,Subject/Main focus of image,All platforms
subjects,people_professions,referee,Subject/Main focus of image,All platforms
subjects,fantasy_beings,elf,Subject/Main focus of image,All platforms
subjects,fantasy_beings,dwarf,Subject/Main focus of image,All platforms
subjects,fantasy_beings,halfling,Subject/Main focus of image,All platforms
subjects,fantasy_beings,gnome,Subject/Main focus of image,All platforms
subjects,fantasy_beings,orc,Subject/Main focus of image,All platforms
subjects,fantasy_beings,goblin,Subject/Main focus of image,All platforms
subjects,fantasy_beings,troll,Subject/Main focus of image,All platforms
subjects,fantasy_beings,giant,Subject/Main focus of image,All platforms
subjects,fantasy_beings,dragon,Subject/Main focus of image,All platforms
subjects,fantasy_beings,phoenix,Subject/Main focus of image,All platforms
subjects,fantasy_beings,unicorn,Subject/Main focus of image,All platforms
subjects,fantasy_beings,pegasus,Subject/Main focus of image,All platforms
subjects,fantasy_beings,griffin,Subject/Main focus of image,All platforms
subjects,fantasy_beings,hippogriff,Subject/Main focus of image,All platforms
subjects,fantasy_beings,centaur,Subject/Main focus of image,All platforms
subjects,fantasy_beings,satyr,Subject/Main focus of image,All platforms
subjects,fantasy_beings,faun,Subject/Main focus of image,All platforms
subjects,fantasy_beings,nymph,Subject/Main focus of image,All platforms
subjects,fantasy_beings,dryad,Subject/Main focus of image,All platforms
subjects,fantasy_beings,naiad,Subject/Main focus of image,All platforms
subjects,fantasy_beings,siren,Subject/Main focus of image,All platforms
subjects,fantasy_beings,mermaid,Subject/Main focus of image,All platforms
subjects,fantasy_beings,angel,Subject/Main focus of image,All platforms
subjects,fantasy_beings,demon,Subject/Main focus of image,All platforms
subjects,fantasy_beings,devil,Subject/Main focus of image,All platforms
subjects,fantasy_beings,imp,Subject/Main focus of image,All platforms
subjects,fantasy_beings,succubus,Subject/Main focus of image,All platforms
subjects,fantasy_beings,incubus,Subject/Main focus of image,All platforms
subjects,fantasy_beings,vampire,Subject/Main focus of image,All platforms
subjects,fantasy_beings,werewolf,Subject/Main focus of image,All platforms
subjects,fantasy_beings,zombie,Subject/Main focus of image,All platforms
subjects,fantasy_beings,skeleton,Subject/Main focus of image,All platforms
subjects,fantasy_beings,ghost,Subject/Main focus of image,All platforms
subjects,fantasy_beings,spirit,Subject/Main focus of image,All platforms
subjects,fantasy_beings,wraith,Subject/Main focus of image,All platforms
subjects,fantasy_beings,banshee,Subject/Main focus of image,All platforms
subjects,fantasy_beings,lich,Subject/Main focus of image,All platforms
subjects,fantasy_beings,wizard,Subject/Main focus of image,All platforms
subjects,fantasy_beings,witch,Subject/Main focus of image,All platforms
subjects,fantasy_beings,sorcerer,Subject/Main focus of image,All platforms
subjects,fantasy_beings,warlock,Subject/Main focus of image,All platforms
subjects,fantasy_beings,mage,Subject/Main focus of image,All platforms
subjects,fantasy_beings,enchanter,Subject/Main focus of image,All platforms
subjects,fantasy_beings,necromancer,Subject/Main focus of image,All platforms
subjects,fantasy_beings,druid,Subject/Main focus of image,All platforms
subjects,fantasy_beings,shaman,Subject/Main focus of image,All platforms
subjects,fantasy_beings,cleric,Subject/Main focus of image,All platforms
subjects,fantasy_beings,paladin,Subject/Main focus of image,All platforms
subjects,fantasy_beings,templar,Subject/Main focus of image,All platforms
subjects,fantasy_beings,crusader,Subject/Main focus of image,All platforms
subjects,fantasy_beings,monk,Subject/Main focus of image,All platforms
subjects,fantasy_beings,ranger,Subject/Main focus of image,All platforms
subjects,fantasy_beings,hunter,Subject/Main focus of image,All platforms
subjects,fantasy_beings,tracker,Subject/Main focus of image,All platforms
subjects,fantasy_beings,scout,Subject/Main focus of image,All platforms
subjects,fantasy_beings,assassin,Subject/Main focus of image,All platforms
subjects,fantasy_beings,rogue,Subject/Main focus of image,All platforms
subjects,fantasy_beings,thief,Subject/Main focus of image,All platforms
subjects,fantasy_beings,warrior,Subject/Main focus of image,All platforms
subjects,fantasy_beings,knight,Subject/Main focus of image,All platforms
subjects,fantasy_beings,barbarian,Subject/Main focus of image,All platforms
subjects,fantasy_beings,berserker,Subject/Main focus of image,All platforms
subjects,fantasy_beings,gladiator,Subject/Main focus of image,All platforms
subjects,fantasy_beings,champion,Subject/Main focus of image,All platforms
subjects,fantasy_beings,bard,Subject/Main focus of image,All platforms
subjects,fantasy_beings,minstrel,Subject/Main focus of image,All platforms
subjects,fantasy_beings,storyteller,Subject/Main focus of image,All platforms
subjects,fantasy_beings,jester,Subject/Main focus of image,All platforms
subjects,fantasy_beings,fool,Subject/Main focus of image,All platforms
subjects,fantasy_beings,entertainer,Subject/Main focus of image,All platforms
subjects,fantasy_beings,alchemist,Subject/Main focus of image,All platforms
subjects,fantasy_beings,artificer,Subject/Main focus of image,All platforms
subjects,fantasy_beings,inventor,Subject/Main focus of image,All platforms
subjects,fantasy_beings,tinker,Subject/Main focus of image,All platforms
subjects,fantasy_beings,blacksmith,Subject/Main focus of image,All platforms
subjects,fantasy_beings,weaponsmith,Subject/Main focus of image,All platforms
subjects,fantasy_beings,king,Subject/Main focus of image,All platforms
subjects,fantasy_beings,queen,Subject/Main focus of image,All platforms
subjects,fantasy_beings,prince,Subject/Main focus of image,All platforms
subjects,fantasy_beings,princess,Subject/Main focus of image,All platforms
subjects,fantasy_beings,lord,Subject/Main focus of image,All platforms
subjects,fantasy_beings,lady,Subject/Main focus of image,All platforms
subjects,fantasy_beings,noble,Subject/Main focus of image,All platforms
subjects,fantasy_beings,duke,Subject/Main focus of image,All platforms
subjects,fantasy_beings,baron,Subject/Main focus of image,All platforms
subjects,fantasy_beings,count,Subject/Main focus of image,All platforms
subjects,fantasy_beings,earl,Subject/Main focus of image,All platforms
subjects,fantasy_beings,marquis,Subject/Main focus of image,All platforms
subjects,fantasy_beings,emperor,Subject/Main focus of image,All platforms
subjects,fantasy_beings,empress,Subject/Main focus of image,All platforms
subjects,fantasy_beings,pharaoh,Subject/Main focus of image,All platforms
subjects,fantasy_beings,pirate,Subject/Main focus of image,All platforms
subjects,fantasy_beings,corsair,Subject/Main focus of image,All platforms
subjects,fantasy_beings,buccaneer,Subject/Main focus of image,All platforms
subjects,fantasy_beings,privateer,Subject/Main focus of image,All platforms
subjects,fantasy_beings,sailor,Subject/Main focus of image,All platforms
subjects,fantasy_beings,mariner,Subject/Main focus of image,All platforms
subjects,fantasy_beings,nomad,Subject/Main focus of image,All platforms
subjects,fantasy_beings,wanderer,Subject/Main focus of image,All platforms
subjects,fantasy_beings,traveler,Subject/Main focus of image,All platforms
subjects,fantasy_beings,explorer,Subject/Main focus of image,All platforms
subjects,fantasy_beings,adventurer,Subject/Main focus of image,All platforms
subjects,fantasy_beings,mercenary,Subject/Main focus of image,All platforms
subjects,fantasy_beings,sphinx,Subject/Main focus of image,All platforms
subjects,fantasy_beings,manticore,Subject/Main focus of image,All platforms
subjects,fantasy_beings,chimera,Subject/Main focus of image,All platforms
subjects,fantasy_beings,hydra,Subject/Main focus of image,All platforms
subjects,fantasy_beings,cerberus,Subject/Main focus of image,All platforms
subjects,fantasy_beings,basilisk,Subject/Main focus of image,All platforms
subjects,fantasy_beings,kraken,Subject/Main focus of image,All platforms
subjects,fantasy_beings,leviathan,Subject/Main focus of image,All platforms
subjects,fantasy_beings,behemoth,Subject/Main focus of image,All platforms
subjects,fantasy_beings,fenrir,Subject/Main focus of image,All platforms
subjects,fantasy_beings,sleipnir,Subject/Main focus of image,All platforms
subjects,fantasy_beings,gargoyle,Subject/Main focus of image,All platforms
subjects,animals_creatures,cat,Subject/Main focus of image,All platforms
subjects,animals_creatures,dog,Subject/Main focus of image,All platforms
subjects,animals_creatures,horse,Subject/Main focus of image,All platforms
subjects,animals_creatures,wolf,Subject/Main focus of image,All platforms
subjects,animals_creatures,lion,Subject/Main focus of image,All platforms
subjects,animals_creatures,tiger,Subject/Main focus of image,All platforms
subjects,animals_creatures,leopard,Subject/Main focus of image,All platforms
subjects,animals_creatures,cheetah,Subject/Main focus of image,All platforms
subjects,animals_creatures,bear,Subject/Main focus of image,All platforms
subjects,animals_creatures,panda,Subject/Main focus of image,All platforms
subjects,animals_creatures,koala,Subject/Main focus of image,All platforms
subjects,animals_creatures,sloth,Subject/Main focus of image,All platforms
subjects,animals_creatures,kangaroo,Subject/Main focus of image,All platforms
subjects,animals_creatures,wallaby,Subject/Main focus of image,All platforms
subjects,animals_creatures,platypus,Subject/Main focus of image,All platforms
subjects,animals_creatures,elephant,Subject/Main focus of image,All platforms
subjects,animals_creatures,rhinoceros,Subject/Main focus of image,All platforms
subjects,animals_creatures,hippopotamus,Subject/Main focus of image,All platforms
subjects,animals_creatures,giraffe,Subject/Main focus of image,All platforms
subjects,animals_creatures,zebra,Subject/Main focus of image,All platforms
subjects,animals_creatures,antelope,Subject/Main focus of image,All platforms
subjects,animals_creatures,deer,Subject/Main focus of image,All platforms
subjects,animals_creatures,elk,Subject/Main focus of image,All platforms
subjects,animals_creatures,moose,Subject/Main focus of image,All platforms
subjects,animals_creatures,caribou,Subject/Main focus of image,All platforms
subjects,animals_creatures,reindeer,Subject/Main focus of image,All platforms
subjects,animals_creatures,gazelle,Subject/Main focus of image,All platforms
subjects,animals_creatures,impala,Subject/Main focus of image,All platforms
subjects,animals_creatures,fox,Subject/Main focus of image,All platforms
subjects,animals_creatures,coyote,Subject/Main focus of image,All platforms
subjects,animals_creatures,jackal,Subject/Main focus of image,All platforms
subjects,animals_creatures,hyena,Subject/Main focus of image,All platforms
subjects,animals_creatures,mongoose,Subject/Main focus of image,All platforms
subjects,animals_creatures,meerkat,Subject/Main focus of image,All platforms
subjects,animals_creatures,ferret,Subject/Main focus of image,All platforms
subjects,animals_creatures,rabbit,Subject/Main focus of image,All platforms
subjects,animals_creatures,hare,Subject/Main focus of image,All platforms
subjects,animals_creatures,squirrel,Subject/Main focus of image,All platforms
subjects,animals_creatures,chipmunk,Subject/Main focus of image,All platforms
subjects,animals_creatures,hamster,Subject/Main focus of image,All platforms
subjects,animals_creatures,guinea pig,Subject/Main focus of image,All platforms
subjects,animals_creatures,rat,Subject/Main focus of image,All platforms
subjects,animals_creatures,mouse,Subject/Main focus of image,All platforms
subjects,animals_creatures,beaver,Subject/Main focus of image,All platforms
subjects,animals_creatures,otter,Subject/Main focus of image,All platforms
subjects,animals_creatures,seal,Subject/Main focus of image,All platforms
subjects,animals_creatures,walrus,Subject/Main focus of image,All platforms
subjects,animals_creatures,whale,Subject/Main focus of image,All platforms
subjects,animals_creatures,dolphin,Subject/Main focus of image,All platforms
subjects,animals_creatures,shark,Subject/Main focus of image,All platforms
subjects,animals_creatures,ray,Subject/Main focus of image,All platforms
subjects,animals_creatures,octopus,Subject/Main focus of image,All platforms
subjects,animals_creatures,squid,Subject/Main focus of image,All platforms
subjects,animals_creatures,jellyfish,Subject/Main focus of image,All platforms
subjects,animals_creatures,starfish,Subject/Main focus of image,All platforms
subjects,animals_creatures,crab,Subject/Main focus of image,All platforms
subjects,animals_creatures,lobster,Subject/Main focus of image,All platforms
subjects,animals_creatures,shrimp,Subject/Main focus of image,All platforms
subjects,animals_creatures,fish,Subject/Main focus of image,All platforms
subjects,animals_creatures,salmon,Subject/Main focus of image,All platforms
subjects,animals_creatures,trout,Subject/Main focus of image,All platforms
subjects,animals_creatures,bass,Subject/Main focus of image,All platforms
subjects,animals_creatures,tuna,Subject/Main focus of image,All platforms
subjects,animals_creatures,marlin,Subject/Main focus of image,All platforms
subjects,animals_creatures,eagle,Subject/Main focus of image,All platforms
subjects,animals_creatures,hawk,Subject/Main focus of image,All platforms
subjects,animals_creatures,falcon,Subject/Main focus of image,All platforms
subjects,animals_creatures,owl,Subject/Main focus of image,All platforms
subjects,animals_creatures,raven,Subject/Main focus of image,All platforms
subjects,animals_creatures,crow,Subject/Main focus of image,All platforms
subjects,animals_creatures,parrot,Subject/Main focus of image,All platforms
subjects,animals_creatures,peacock,Subject/Main focus of image,All platforms
subjects,animals_creatures,swan,Subject/Main focus of image,All platforms
subjects,animals_creatures,duck,Subject/Main focus of image,All platforms
subjects,animals_creatures,goose,Subject/Main focus of image,All platforms
subjects,animals_creatures,penguin,Subject/Main focus of image,All platforms
subjects,animals_creatures,flamingo,Subject/Main focus of image,All platforms
subjects,animals_creatures,heron,Subject/Main focus of image,All platforms
subjects,animals_creatures,crane,Subject/Main focus of image,All platforms
subjects,animals_creatures,stork,Subject/Main focus of image,All platforms
subjects,animals_creatures,robin,Subject/Main focus of image,All platforms
subjects,animals_creatures,sparrow,Subject/Main focus of image,All platforms
subjects,animals_creatures,finch,Subject/Main focus of image,All platforms
subjects,animals_creatures,canary,Subject/Main focus of image,All platforms
subjects,animals_creatures,hummingbird,Subject/Main focus of image,All platforms
subjects,animals_creatures,woodpecker,Subject/Main focus of image,All platforms
subjects,animals_creatures,butterfly,Subject/Main focus of image,All platforms
subjects,animals_creatures,moth,Subject/Main focus of image,All platforms
subjects,animals_creatures,bee,Subject/Main focus of image,All platforms
subjects,animals_creatures,wasp,Subject/Main focus of image,All platforms
subjects,animals_creatures,ant,Subject/Main focus of image,All platforms
subjects,animals_creatures,beetle,Subject/Main focus of image,All platforms
subjects,animals_creatures,dragonfly,Subject/Main focus of image,All platforms
subjects,animals_creatures,spider,Subject/Main focus of image,All platforms
subjects,animals_creatures,scorpion,Subject/Main focus of image,All platforms
subjects,animals_creatures,snake,Subject/Main focus of image,All platforms
subjects,animals_creatures,lizard,Subject/Main focus of image,All platforms
subjects,animals_creatures,turtle,Subject/Main focus of image,All platforms
subjects,animals_creatures,tortoise,Subject/Main focus of image,All platforms
subjects,animals_creatures,frog,Subject/Main focus of image,All platforms
subjects,animals_creatures,salamander,Subject/Main focus of image,All platforms
subjects,animals_creatures,chameleon,Subject/Main focus of image,All platforms
subjects,animals_creatures,iguana,Subject/Main focus of image,All platforms
subjects,animals_creatures,gecko,Subject/Main focus of image,All platforms
subjects,animals_creatures,crocodile,Subject/Main focus of image,All platforms
subjects,animals_creatures,alligator,Subject/Main focus of image,All platforms
subjects,animals_creatures,monkey,Subject/Main focus of image,All platforms
subjects,animals_creatures,ape,Subject/Main focus of image,All platforms
subjects,animals_creatures,gorilla,Subject/Main focus of image,All platforms
subjects,animals_creatures,chimpanzee,Subject/Main focus of image,All platforms
subjects,animals_creatures,orangutan,Subject/Main focus of image,All platforms
subjects,animals_creatures,baboon,Subject/Main focus of image,All platforms
subjects,animals_creatures,lemur,Subject/Main focus of image,All platforms
subjects,animals_creatures,llama,Subject/Main focus of image,All platforms
subjects,animals_creatures,alpaca,Subject/Main focus of image,All platforms
subjects,animals_creatures,camel,Subject/Main focus of image,All platforms
subjects,animals_creatures,yak,Subject/Main focus of image,All platforms
subjects,animals_creatures,buffalo,Subject/Main focus of image,All platforms
subjects,animals_creatures,bison,Subject/Main focus of image,All platforms
subjects,animals_creatures,ox,Subject/Main focus of image,All platforms
subjects,animals_creatures,badger,Subject/Main focus of image,All platforms
subjects,animals_creatures,raccoon,Subject/Main focus of image,All platforms
subjects,animals_creatures,opossum,Subject/Main focus of image,All platforms
subjects,animals_creatures,armadillo,Subject/Main focus of image,All platforms
subjects,animals_creatures,hedgehog,Subject/Main focus of image,All platforms
subjects,animals_creatures,porcupine,Subject/Main focus of image,All platforms
subjects,objects_technology,car,Subject/Main focus of image,All platforms
subjects,objects_technology,truck,Subject/Main focus of image,All platforms
subjects,objects_technology,motorcycle,Subject/Main focus of image,All platforms
subjects,objects_technology,bicycle,Subject/Main focus of image,All platforms
subjects,objects_technology,train,Subject/Main focus of image,All platforms
subjects,objects_technology,airplane,Subject/Main focus of image,All platforms
subjects,objects_technology,helicopter,Subject/Main focus of image,All platforms
subjects,objects_technology,boat,Subject/Main focus of image,All platforms
subjects,objects_technology,ship,Subject/Main focus of image,All platforms
subjects,objects_technology,submarine,Subject/Main focus of image,All platforms
subjects,objects_technology,rocket,Subject/Main focus of image,All platforms
subjects,objects_technology,spacecraft,Subject/Main focus of image,All platforms
subjects,objects_technology,satellite,Subject/Main focus of image,All platforms
subjects,objects_technology,computer,Subject/Main focus of image,All platforms
subjects,objects_technology,laptop,Subject/Main focus of image,All platforms
subjects,objects_technology,tablet,Subject/Main focus of image,All platforms
subjects,objects_technology,smartphone,Subject/Main focus of image,All platforms
subjects,objects_technology,camera,Subject/Main focus of image,All platforms
subjects,objects_technology,television,Subject/Main focus of image,All platforms
subjects,objects_technology,radio,Subject/Main focus of image,All platforms
subjects,objects_technology,speaker,Subject/Main focus of image,All platforms
subjects,objects_technology,headphones,Subject/Main focus of image,All platforms
subjects,objects_technology,microphone,Subject/Main focus of image,All platforms
subjects,objects_technology,keyboard,Subject/Main focus of image,All platforms
subjects,objects_technology,mouse,Subject/Main focus of image,All platforms
subjects,objects_technology,monitor,Subject/Main focus of image,All platforms
subjects,objects_technology,printer,Subject/Main focus of image,All platforms
subjects,objects_technology,scanner,Subject/Main focus of image,All platforms
subjects,objects_technology,projector,Subject/Main focus of image,All platforms
subjects,objects_technology,drone,Subject/Main focus of image,All platforms
subjects,objects_technology,robot,Subject/Main focus of image,All platforms
subjects,objects_technology,watch,Subject/Main focus of image,All platforms
subjects,objects_technology,clock,Subject/Main focus of image,All platforms
subjects,objects_technology,compass,Subject/Main focus of image,All platforms
subjects,objects_technology,telescope,Subject/Main focus of image,All platforms
subjects,objects_technology,microscope,Subject/Main focus of image,All platforms
subjects,objects_technology,binoculars,Subject/Main focus of image,All platforms
subjects,objects_technology,house,Subject/Main focus of image,All platforms
subjects,objects_technology,building,Subject/Main focus of image,All platforms
subjects,objects_technology,tower,Subject/Main focus of image,All platforms
subjects,objects_technology,castle,Subject/Main focus of image,All platforms
subjects,objects_technology,bridge,Subject/Main focus of image,All platforms
subjects,objects_technology,monument,Subject/Main focus of image,All platforms
subjects,objects_technology,statue,Subject/Main focus of image,All platforms
subjects,objects_technology,book,Subject/Main focus of image,All platforms
subjects,objects_technology,scroll,Subject/Main focus of image,All platforms
subjects,objects_technology,map,Subject/Main focus of image,All platforms
subjects,objects_technology,journal,Subject/Main focus of image,All platforms
subjects,objects_technology,pen,Subject/Main focus of image,All platforms
subjects,objects_technology,pencil,Subject/Main focus of image,All platforms
subjects,objects_technology,paintbrush,Subject/Main focus of image,All platforms
subjects,objects_technology,sword,Subject/Main focus of image,All platforms
subjects,objects_technology,dagger,Subject/Main focus of image,All platforms
subjects,objects_technology,bow,Subject/Main focus of image,All platforms
subjects,objects_technology,arrow,Subject/Main focus of image,All platforms
subjects,objects_technology,shield,Subject/Main focus of image,All platforms
subjects,objects_technology,armor,Subject/Main focus of image,All platforms
subjects,objects_technology,helmet,Subject/Main focus of image,All platforms
subjects,objects_technology,crown,Subject/Main focus of image,All platforms
subjects,objects_technology,ring,Subject/Main focus of image,All platforms
subjects,objects_technology,necklace,Subject/Main focus of image,All platforms
subjects,objects_technology,gem,Subject/Main focus of image,All platforms
subjects,objects_technology,crystal,Subject/Main focus of image,All platforms
subjects,objects_technology,gold,Subject/Main focus of image,All platforms
subjects,objects_technology,silver,Subject/Main focus of image,All platforms
subjects,objects_technology,key,Subject/Main focus of image,All platforms
subjects,objects_technology,lock,Subject/Main focus of image,All platforms
subjects,objects_technology,door,Subject/Main focus of image,All platforms
subjects,objects_technology,window,Subject/Main focus of image,All platforms
subjects,objects_technology,mirror,Subject/Main focus of image,All platforms
subjects,objects_technology,lamp,Subject/Main focus of image,All platforms
subjects,objects_technology,candle,Subject/Main focus of image,All platforms
subjects,objects_technology,torch,Subject/Main focus of image,All platforms
environments,natural_landscapes,forest,Background/Setting description,All platforms
environments,natural_landscapes,jungle,Background/Setting description,All platforms
environments,natural_landscapes,rainforest,Background/Setting description,All platforms
environments,natural_landscapes,woodland,Background/Setting description,All platforms
environments,natural_landscapes,grove,Background/Setting description,All platforms
environments,natural_landscapes,thicket,Background/Setting description,All platforms
environments,natural_landscapes,copse,Background/Setting description,All platforms
environments,natural_landscapes,desert,Background/Setting description,All platforms
environments,natural_landscapes,oasis,Background/Setting description,All platforms
environments,natural_landscapes,dunes,Background/Setting description,All platforms
environments,natural_landscapes,wasteland,Background/Setting description,All platforms
environments,natural_landscapes,badlands,Background/Setting description,All platforms
environments,natural_landscapes,canyon,Background/Setting description,All platforms
environments,natural_landscapes,mesa,Background/Setting description,All platforms
environments,natural_landscapes,mountain,Background/Setting description,All platforms
environments,natural_landscapes,peak,Background/Setting description,All platforms
environments,natural_landscapes,summit,Background/Setting description,All platforms
environments,natural_landscapes,ridge,Background/Setting description,All platforms
environments,natural_landscapes,cliff,Background/Setting description,All platforms
environments,natural_landscapes,precipice,Background/Setting description,All platforms
environments,natural_landscapes,gorge,Background/Setting description,All platforms
environments,natural_landscapes,valley,Background/Setting description,All platforms
environments,natural_landscapes,dell,Background/Setting description,All platforms
environments,natural_landscapes,hollow,Background/Setting description,All platforms
environments,natural_landscapes,basin,Background/Setting description,All platforms
environments,natural_landscapes,crater,Background/Setting description,All platforms
environments,natural_landscapes,caldera,Background/Setting description,All platforms
environments,natural_landscapes,volcano,Background/Setting description,All platforms
environments,natural_landscapes,tundra,Background/Setting description,All platforms
environments,natural_landscapes,taiga,Background/Setting description,All platforms
environments,natural_landscapes,steppe,Background/Setting description,All platforms
environments,natural_landscapes,prairie,Background/Setting description,All platforms
environments,natural_landscapes,grassland,Background/Setting description,All platforms
environments,natural_landscapes,meadow,Background/Setting description,All platforms
environments,natural_landscapes,field,Background/Setting description,All platforms
environments,natural_landscapes,marsh,Background/Setting description,All platforms
environments,natural_landscapes,swamp,Background/Setting description,All platforms
environments,natural_landscapes,bog,Background/Setting description,All platforms
environments,natural_landscapes,wetland,Background/Setting description,All platforms
environments,natural_landscapes,bayou,Background/Setting description,All platforms
environments,natural_landscapes,mangrove,Background/Setting description,All platforms
environments,natural_landscapes,estuary,Background/Setting description,All platforms
environments,natural_landscapes,ocean,Background/Setting description,All platforms
environments,natural_landscapes,sea,Background/Setting description,All platforms
environments,natural_landscapes,bay,Background/Setting description,All platforms
environments,natural_landscapes,gulf,Background/Setting description,All platforms
environments,natural_landscapes,strait,Background/Setting description,All platforms
environments,natural_landscapes,channel,Background/Setting description,All platforms
environments,natural_landscapes,sound,Background/Setting description,All platforms
environments,natural_landscapes,inlet,Background/Setting description,All platforms
environments,natural_landscapes,lake,Background/Setting description,All platforms
environments,natural_landscapes,pond,Background/Setting description,All platforms
environments,natural_landscapes,reservoir,Background/Setting description,All platforms
environments,natural_landscapes,lagoon,Background/Setting description,All platforms
environments,natural_landscapes,pool,Background/Setting description,All platforms
environments,natural_landscapes,spring,Background/Setting description,All platforms
environments,natural_landscapes,waterfall,Background/Setting description,All platforms
environments,natural_landscapes,river,Background/Setting description,All platforms
environments,natural_landscapes,stream,Background/Setting description,All platforms
environments,natural_landscapes,creek,Background/Setting description,All platforms
environments,natural_landscapes,brook,Background/Setting description,All platforms
environments,natural_landscapes,rapids,Background/Setting description,All platforms
environments,natural_landscapes,cascade,Background/Setting description,All platforms
environments,natural_landscapes,delta,Background/Setting description,All platforms
environments,natural_landscapes,beach,Background/Setting description,All platforms
environments,natural_landscapes,shore,Background/Setting description,All platforms
environments,natural_landscapes,coast,Background/Setting description,All platforms
environments,natural_landscapes,coastline,Background/Setting description,All platforms
environments,natural_landscapes,island,Background/Setting description,All platforms
environments,natural_landscapes,archipelago,Background/Setting description,All platforms
environments,natural_landscapes,atoll,Background/Setting description,All platforms
environments,natural_landscapes,cave,Background/Setting description,All platforms
environments,natural_landscapes,cavern,Background/Setting description,All platforms
environments,natural_landscapes,grotto,Background/Setting description,All platforms
environments,natural_landscapes,tunnel,Background/Setting description,All platforms
environments,natural_landscapes,passage,Background/Setting description,All platforms
environments,natural_landscapes,chamber,Background/Setting description,All platforms
environments,natural_landscapes,gallery,Background/Setting description,All platforms
environments,natural_landscapes,glacier,Background/Setting description,All platforms
environments,natural_landscapes,iceberg,Background/Setting description,All platforms
environments,natural_landscapes,ice shelf,Background/Setting description,All platforms
environments,natural_landscapes,permafrost,Background/Setting description,All platforms
environments,natural_landscapes,snowfield,Background/Setting description,All platforms
environments,natural_landscapes,avalanche,Background/Setting description,All platforms
environments,urban_environments,city,Background/Setting description,All platforms
environments,urban_environments,metropolis,Background/Setting description,All platforms
environments,urban_environments,town,Background/Setting description,All platforms
environments,urban_environments,village,Background/Setting description,All platforms
environments,urban_environments,hamlet,Background/Setting description,All platforms
environments,urban_environments,settlement,Background/Setting description,All platforms
environments,urban_environments,colony,Background/Setting description,All platforms
environments,urban_environments,street,Background/Setting description,All platforms
environments,urban_environments,avenue,Background/Setting description,All platforms
environments,urban_environments,boulevard,Background/Setting description,All platforms
environments,urban_environments,road,Background/Setting description,All platforms
environments,urban_environments,lane,Background/Setting description,All platforms
environments,urban_environments,alley,Background/Setting description,All platforms
environments,urban_environments,path,Background/Setting description,All platforms
environments,urban_environments,trail,Background/Setting description,All platforms
environments,urban_environments,plaza,Background/Setting description,All platforms
environments,urban_environments,square,Background/Setting description,All platforms
environments,urban_environments,courtyard,Background/Setting description,All platforms
environments,urban_environments,market,Background/Setting description,All platforms
environments,urban_environments,bazaar,Background/Setting description,All platforms
environments,urban_environments,mall,Background/Setting description,All platforms
environments,urban_environments,arcade,Background/Setting description,All platforms
environments,urban_environments,park,Background/Setting description,All platforms
environments,urban_environments,garden,Background/Setting description,All platforms
environments,urban_environments,arboretum,Background/Setting description,All platforms
environments,urban_environments,conservatory,Background/Setting description,All platforms
environments,urban_environments,greenhouse,Background/Setting description,All platforms
environments,urban_environments,nursery,Background/Setting description,All platforms
environments,urban_environments,building,Background/Setting description,All platforms
environments,urban_environments,skyscraper,Background/Setting description,All platforms
environments,urban_environments,tower,Background/Setting description,All platforms
environments,urban_environments,spire,Background/Setting description,All platforms
environments,urban_environments,dome,Background/Setting description,All platforms
environments,urban_environments,arch,Background/Setting description,All platforms
environments,urban_environments,bridge,Background/Setting description,All platforms
environments,urban_environments,house,Background/Setting description,All platforms
environments,urban_environments,mansion,Background/Setting description,All platforms
environments,urban_environments,cottage,Background/Setting description,All platforms
environments,urban_environments,cabin,Background/Setting description,All platforms
environments,urban_environments,hut,Background/Setting description,All platforms
environments,urban_environments,apartment,Background/Setting description,All platforms
environments,urban_environments,condo,Background/Setting description,All platforms
environments,urban_environments,palace,Background/Setting description,All platforms
environments,urban_environments,castle,Background/Setting description,All platforms
environments,urban_environments,fortress,Background/Setting description,All platforms
environments,urban_environments,citadel,Background/Setting description,All platforms
environments,urban_environments,keep,Background/Setting description,All platforms
environments,urban_environments,manor,Background/Setting description,All platforms
environments,urban_environments,estate,Background/Setting description,All platforms
environments,urban_environments,temple,Background/Setting description,All platforms
environments,urban_environments,church,Background/Setting description,All platforms
environments,urban_environments,cathedral,Background/Setting description,All platforms
environments,urban_environments,mosque,Background/Setting description,All platforms
environments,urban_environments,synagogue,Background/Setting description,All platforms
environments,urban_environments,shrine,Background/Setting description,All platforms
environments,urban_environments,pagoda,Background/Setting description,All platforms
environments,urban_environments,school,Background/Setting description,All platforms
environments,urban_environments,university,Background/Setting description,All platforms
environments,urban_environments,college,Background/Setting description,All platforms
environments,urban_environments,academy,Background/Setting description,All platforms
environments,urban_environments,institute,Background/Setting description,All platforms
environments,urban_environments,library,Background/Setting description,All platforms
environments,urban_environments,hospital,Background/Setting description,All platforms
environments,urban_environments,clinic,Background/Setting description,All platforms
environments,urban_environments,laboratory,Background/Setting description,All platforms
environments,urban_environments,observatory,Background/Setting description,All platforms
environments,urban_environments,planetarium,Background/Setting description,All platforms
environments,urban_environments,museum,Background/Setting description,All platforms
environments,urban_environments,theater,Background/Setting description,All platforms
environments,urban_environments,cinema,Background/Setting description,All platforms
environments,urban_environments,opera house,Background/Setting description,All platforms
environments,urban_environments,concert hall,Background/Setting description,All platforms
environments,urban_environments,stadium,Background/Setting description,All platforms
environments,urban_environments,arena,Background/Setting description,All platforms
styles,art_movements,impressionism,Artistic style modifier,All platforms
styles,art_movements,expressionism,Artistic style modifier,All platforms
styles,art_movements,cubism,Artistic style modifier,All platforms
styles,art_movements,surrealism,Artistic style modifier,All platforms
styles,art_movements,abstract,Artistic style modifier,All platforms
styles,art_movements,realism,Artistic style modifier,All platforms
styles,art_movements,naturalism,Artistic style modifier,All platforms
styles,art_movements,romanticism,Artistic style modifier,All platforms
styles,art_movements,baroque,Artistic style modifier,All platforms
styles,art_movements,rococo,Artistic style modifier,All platforms
styles,art_movements,neoclassicism,Artistic style modifier,All platforms
styles,art_movements,renaissance,Artistic style modifier,All platforms
styles,art_movements,gothic,Artistic style modifier,All platforms
styles,art_movements,byzantine,Artistic style modifier,All platforms
styles,art_movements,romanesque,Artistic style modifier,All platforms
styles,art_movements,art nouveau,Artistic style modifier,All platforms
styles,art_movements,art deco,Artistic style modifier,All platforms
styles,art_movements,minimalism,Artistic style modifier,All platforms
styles,art_movements,pop art,Artistic style modifier,All platforms
styles,art_movements,op art,Artistic style modifier,All platforms
styles,art_movements,kinetic art,Artistic style modifier,All platforms
styles,art_movements,conceptual art,Artistic style modifier,All platforms
styles,art_movements,street art,Artistic style modifier,All platforms
styles,art_movements,fauvism,Artistic style modifier,All platforms
styles,art_movements,dadaism,Artistic style modifier,All platforms
styles,art_movements,futurism,Artistic style modifier,All platforms
styles,art_movements,constructivism,Artistic style modifier,All platforms
styles,art_movements,suprematism,Artistic style modifier,All platforms
styles,art_movements,bauhaus,Artistic style modifier,All platforms
styles,art_movements,pointillism,Artistic style modifier,All platforms
styles,art_movements,post-impressionism,Artistic style modifier,All platforms
styles,art_movements,abstract expressionism,Artistic style modifier,All platforms
styles,art_movements,color field,Artistic style modifier,All platforms
styles,art_movements,hard-edge painting,Artistic style modifier,All platforms
styles,art_movements,photorealism,Artistic style modifier,All platforms
styles,art_movements,hyperrealism,Artistic style modifier,All platforms
styles,art_movements,trompe-l'oeil,Artistic style modifier,All platforms
styles,art_movements,chiaroscuro,Artistic style modifier,All platforms
styles,art_movements,sfumato,Artistic style modifier,All platforms
styles,art_movements,impasto,Artistic style modifier,All platforms
styles,art_movements,alla prima,Artistic style modifier,All platforms
styles,art_movements,plein air,Artistic style modifier,All platforms
styles,art_movements,academic art,Artistic style modifier,All platforms
styles,photography_styles,portrait,Artistic style modifier,All platforms
styles,photography_styles,headshot,Artistic style modifier,All platforms
styles,photography_styles,environmental portrait,Artistic style modifier,All platforms
styles,photography_styles,candid,Artistic style modifier,All platforms
styles,photography_styles,posed,Artistic style modifier,All platforms
styles,photography_styles,fashion,Artistic style modifier,All platforms
styles,photography_styles,glamour,Artistic style modifier,All platforms
styles,photography_styles,boudoir,Artistic style modifier,All platforms
styles,photography_styles,nude,Artistic style modifier,All platforms
styles,photography_styles,fine art nude,Artistic style modifier,All platforms
styles,photography_styles,artistic nude,Artistic style modifier,All platforms
styles,photography_styles,wedding,Artistic style modifier,All platforms
styles,photography_styles,engagement,Artistic style modifier,All platforms
styles,photography_styles,family,Artistic style modifier,All platforms
styles,photography_styles,maternity,Artistic style modifier,All platforms
styles,photography_styles,newborn,Artistic style modifier,All platforms
styles,photography_styles,child,Artistic style modifier,All platforms
styles,photography_styles,pet,Artistic style modifier,All platforms
styles,photography_styles,landscape,Artistic style modifier,All platforms
styles,photography_styles,seascape,Artistic style modifier,All platforms
styles,photography_styles,cityscape,Artistic style modifier,All platforms
styles,photography_styles,urban,Artistic style modifier,All platforms
styles,photography_styles,street,Artistic style modifier,All platforms
styles,photography_styles,documentary,Artistic style modifier,All platforms
styles,photography_styles,photojournalism,Artistic style modifier,All platforms
styles,photography_styles,travel,Artistic style modifier,All platforms
styles,photography_styles,architectural,Artistic style modifier,All platforms
styles,photography_styles,interior,Artistic style modifier,All platforms
styles,photography_styles,real estate,Artistic style modifier,All platforms
styles,photography_styles,product,Artistic style modifier,All platforms
styles,photography_styles,commercial,Artistic style modifier,All platforms
styles,photography_styles,advertising,Artistic style modifier,All platforms
styles,photography_styles,food,Artistic style modifier,All platforms
styles,photography_styles,still life,Artistic style modifier,All platforms
styles,photography_styles,macro,Artistic style modifier,All platforms
styles,photography_styles,wildlife,Artistic style modifier,All platforms
styles,photography_styles,nature,Artistic style modifier,All platforms
styles,photography_styles,bird,Artistic style modifier,All platforms
styles,photography_styles,underwater,Artistic style modifier,All platforms
styles,photography_styles,aerial,Artistic style modifier,All platforms
styles,photography_styles,drone,Artistic style modifier,All platforms
styles,photography_styles,sports,Artistic style modifier,All platforms
styles,photography_styles,action,Artistic style modifier,All platforms
styles,photography_styles,abstract,Artistic style modifier,All platforms
styles,photography_styles,conceptual,Artistic style modifier,All platforms
styles,photography_styles,surreal,Artistic style modifier,All platforms
styles,photography_styles,artistic,Artistic style modifier,All platforms
styles,photography_styles,fine art,Artistic style modifier,All platforms
styles,photography_styles,black and white,Artistic style modifier,All platforms
styles,photography_styles,monochrome,Artistic style modifier,All platforms
styles,photography_styles,color,Artistic style modifier,All platforms
styles,photography_styles,vibrant,Artistic style modifier,All platforms
styles,photography_styles,muted,Artistic style modifier,All platforms
styles,photography_styles,vintage,Artistic style modifier,All platforms
styles,digital_art_styles,digital painting,Artistic style modifier,All platforms
styles,digital_art_styles,digital illustration,Artistic style modifier,All platforms
styles,digital_art_styles,concept art,Artistic style modifier,All platforms
styles,digital_art_styles,matte painting,Artistic style modifier,All platforms
styles,digital_art_styles,speed painting,Artistic style modifier,All platforms
styles,digital_art_styles,photo manipulation,Artistic style modifier,All platforms
styles,digital_art_styles,photo montage,Artistic style modifier,All platforms
styles,digital_art_styles,composite,Artistic style modifier,All platforms
styles,digital_art_styles,vector art,Artistic style modifier,All platforms
styles,digital_art_styles,vector illustration,Artistic style modifier,All platforms
styles,digital_art_styles,isometric,Artistic style modifier,All platforms
styles,digital_art_styles,flat design,Artistic style modifier,All platforms
styles,digital_art_styles,pixel art,Artistic style modifier,All platforms
styles,digital_art_styles,8-bit,Artistic style modifier,All platforms
styles,digital_art_styles,16-bit,Artistic style modifier,All platforms
styles,digital_art_styles,voxel art,Artistic style modifier,All platforms
styles,digital_art_styles,low poly,Artistic style modifier,All platforms
styles,digital_art_styles,high poly,Artistic style modifier,All platforms
styles,digital_art_styles,3D rendering,Artistic style modifier,All platforms
styles,digital_art_styles,photorealistic rendering,Artistic style modifier,All platforms
styles,digital_art_styles,stylized rendering,Artistic style modifier,All platforms
styles,digital_art_styles,toon shading,Artistic style modifier,All platforms
styles,digital_art_styles,cel shading,Artistic style modifier,All platforms
styles,digital_art_styles,procedural art,Artistic style modifier,All platforms
styles,digital_art_styles,generative art,Artistic style modifier,All platforms
styles,digital_art_styles,algorithmic art,Artistic style modifier,All platforms
styles,digital_art_styles,fractal art,Artistic style modifier,All platforms
styles,digital_art_styles,glitch art,Artistic style modifier,All platforms
styles,digital_art_styles,datamoshing,Artistic style modifier,All platforms
styles,digital_art_styles,cyberpunk,Artistic style modifier,All platforms
styles,digital_art_styles,steampunk,Artistic style modifier,All platforms
styles,digital_art_styles,dieselpunk,Artistic style modifier,All platforms
styles,digital_art_styles,vaporwave,Artistic style modifier,All platforms
styles,digital_art_styles,synthwave,Artistic style modifier,All platforms
styles,digital_art_styles,retrowave,Artistic style modifier,All platforms
styles,digital_art_styles,psychedelic,Artistic style modifier,All platforms
styles,digital_art_styles,surreal digital,Artistic style modifier,All platforms
technical_specs,image_quality,4K,Technical quality specification,All platforms
technical_specs,image_quality,8K,Technical quality specification,All platforms
technical_specs,image_quality,16K,Technical quality specification,All platforms
technical_specs,image_quality,32K,Technical quality specification,All platforms
technical_specs,image_quality,ultra HD,Technical quality specification,All platforms
technical_specs,image_quality,full HD,Technical quality specification,All platforms
technical_specs,image_quality,high definition,Technical quality specification,All platforms
technical_specs,image_quality,HD,Technical quality specification,All platforms
technical_specs,image_quality,ultra high resolution,Technical quality specification,All platforms
technical_specs,image_quality,high resolution,Technical quality specification,All platforms
technical_specs,image_quality,medium resolution,Technical quality specification,All platforms
technical_specs,image_quality,low resolution,Technical quality specification,All platforms
technical_specs,image_quality,ultra detailed,Technical quality specification,Stable Diffusion
technical_specs,image_quality,highly detailed,Technical quality specification,All platforms
technical_specs,image_quality,detailed,Technical quality specification,All platforms
technical_specs,image_quality,extremely detailed,Technical quality specification,All platforms
technical_specs,image_quality,hyper detailed,Technical quality specification,All platforms
technical_specs,image_quality,intricate,Technical quality specification,All platforms
technical_specs,image_quality,fine detail,Technical quality specification,All platforms
technical_specs,image_quality,sharp,Technical quality specification,All platforms
technical_specs,image_quality,crisp,Technical quality specification,All platforms
technical_specs,image_quality,clear,Technical quality specification,All platforms
technical_specs,image_quality,precise,Technical quality specification,All platforms
technical_specs,image_quality,accurate,Technical quality specification,All platforms
technical_specs,image_quality,perfect,Technical quality specification,All platforms
technical_specs,image_quality,flawless,Technical quality specification,All platforms
technical_specs,image_quality,pristine,Technical quality specification,All platforms
technical_specs,image_quality,immaculate,Technical quality specification,All platforms
technical_specs,image_quality,masterpiece,Technical quality specification,Stable Diffusion
technical_specs,image_quality,award winning,Technical quality specification,All platforms
technical_specs,image_quality,prize winning,Technical quality specification,All platforms
technical_specs,image_quality,exhibition worthy,Technical quality specification,All platforms
technical_specs,image_quality,professional quality,Technical quality specification,All platforms
technical_specs,image_quality,studio quality,Technical quality specification,All platforms
technical_specs,image_quality,gallery quality,Technical quality specification,All platforms
technical_specs,image_quality,museum quality,Technical quality specification,All platforms
technical_specs,image_quality,commercial quality,Technical quality specification,All platforms
technical_specs,image_quality,broadcast quality,Technical quality specification,All platforms
technical_specs,image_quality,print quality,Technical quality specification,All platforms
technical_specs,image_quality,web quality,Technical quality specification,All platforms
technical_specs,image_quality,professional grade,Technical quality specification,All platforms
technical_specs,image_quality,industry standard,Technical quality specification,All platforms
technical_specs,image_quality,cutting edge,Technical quality specification,All platforms
technical_specs,image_quality,state of the art,Technical quality specification,All platforms
technical_specs,camera_equipment,DSLR,Technical quality specification,All platforms
technical_specs,camera_equipment,mirrorless,Technical quality specification,All platforms
technical_specs,camera_equipment,medium format,Technical quality specification,All platforms
technical_specs,camera_equipment,large format,Technical quality specification,All platforms
technical_specs,camera_equipment,film camera,Technical quality specification,All platforms
technical_specs,camera_equipment,telephoto lens,Technical quality specification,All platforms
technical_specs,camera_equipment,wide angle lens,Technical quality specification,All platforms
technical_specs,camera_equipment,macro lens,Technical quality specification,All platforms
technical_specs,camera_equipment,fisheye lens,Technical quality specification,All platforms
technical_specs,camera_equipment,prime lens,Technical quality specification,All platforms
technical_specs,camera_equipment,zoom lens,Technical quality specification,All platforms
technical_specs,camera_equipment,kit lens,Technical quality specification,All platforms
technical_specs,camera_equipment,professional lens,Technical quality specification,All platforms
technical_specs,camera_equipment,cinema lens,Technical quality specification,All platforms
technical_specs,camera_equipment,14mm,Technical quality specification,All platforms
technical_specs,camera_equipment,16mm,Technical quality specification,All platforms
technical_specs,camera_equipment,24mm,Technical quality specification,All platforms
technical_specs,camera_equipment,35mm,Technical quality specification,All platforms
technical_specs,camera_equipment,50mm,Technical quality specification,All platforms
technical_specs,camera_equipment,85mm,Technical quality specification,All platforms
technical_specs,camera_equipment,105mm,Technical quality specification,All platforms
technical_specs,camera_equipment,135mm,Technical quality specification,All platforms
technical_specs,camera_equipment,200mm,Technical quality specification,All platforms
technical_specs,camera_equipment,300mm,Technical quality specification,All platforms
technical_specs,camera_equipment,400mm,Technical quality specification,All platforms
technical_specs,camera_equipment,500mm,Technical quality specification,All platforms
technical_specs,camera_equipment,600mm,Technical quality specification,All platforms
technical_specs,camera_equipment,800mm,Technical quality specification,All platforms
technical_specs,camera_equipment,1200mm,Technical quality specification,All platforms
technical_specs,camera_equipment,f/1.2,Technical quality specification,All platforms
technical_specs,camera_equipment,f/1.4,Technical quality specification,All platforms
technical_specs,camera_equipment,f/1.8,Technical quality specification,All platforms
technical_specs,camera_equipment,f/2.0,Technical quality specification,All platforms
technical_specs,camera_equipment,f/2.8,Technical quality specification,All platforms
technical_specs,camera_equipment,f/4.0,Technical quality specification,All platforms
technical_specs,camera_equipment,f/5.6,Technical quality specification,All platforms
technical_specs,camera_equipment,f/8.0,Technical quality specification,All platforms
technical_specs,camera_equipment,f/11,Technical quality specification,All platforms
technical_specs,camera_equipment,f/16,Technical quality specification,All platforms
technical_specs,camera_equipment,f/22,Technical quality specification,All platforms
technical_specs,camera_equipment,shallow depth of field,Technical quality specification,All platforms
technical_specs,camera_equipment,deep focus,Technical quality specification,All platforms
technical_specs,camera_equipment,bokeh,Technical quality specification,All platforms
technical_specs,camera_equipment,sharp focus,Technical quality specification,All platforms
technical_specs,camera_equipment,soft focus,Technical quality specification,All platforms
technical_specs,camera_equipment,selective focus,Technical quality specification,All platforms
technical_specs,camera_equipment,focus stacking,Technical quality specification,All platforms
technical_specs,lighting_types,natural light,Technical quality specification,All platforms
technical_specs,lighting_types,sunlight,Technical quality specification,All platforms
technical_specs,lighting_types,daylight,Technical quality specification,All platforms
technical_specs,lighting_types,bright light,Technical quality specification,All platforms
technical_specs,lighting_types,dim light,Technical quality specification,All platforms
technical_specs,lighting_types,golden hour,Technical quality specification,All platforms
technical_specs,lighting_types,blue hour,Technical quality specification,All platforms
technical_specs,lighting_types,magic hour,Technical quality specification,All platforms
technical_specs,lighting_types,sunrise,Technical quality specification,All platforms
technical_specs,lighting_types,sunset,Technical quality specification,All platforms
technical_specs,lighting_types,noon sun,Technical quality specification,All platforms
technical_specs,lighting_types,overcast,Technical quality specification,All platforms
technical_specs,lighting_types,cloudy,Technical quality specification,All platforms
technical_specs,lighting_types,clear sky,Technical quality specification,All platforms
technical_specs,lighting_types,stormy,Technical quality specification,All platforms
technical_specs,lighting_types,dramatic sky,Technical quality specification,All platforms
technical_specs,lighting_types,soft light,Technical quality specification,All platforms
technical_specs,lighting_types,hard light,Technical quality specification,All platforms
technical_specs,lighting_types,diffused light,Technical quality specification,All platforms
technical_specs,lighting_types,direct light,Technical quality specification,All platforms
technical_specs,lighting_types,indirect light,Technical quality specification,All platforms
technical_specs,lighting_types,studio lighting,Technical quality specification,All platforms
technical_specs,lighting_types,strobe lighting,Technical quality specification,All platforms
technical_specs,lighting_types,continuous lighting,Technical quality specification,All platforms
technical_specs,lighting_types,LED lighting,Technical quality specification,All platforms
technical_specs,lighting_types,flash,Technical quality specification,All platforms
technical_specs,lighting_types,speedlight,Technical quality specification,All platforms
technical_specs,lighting_types,ring flash,Technical quality specification,All platforms
technical_specs,lighting_types,beauty dish,Technical quality specification,All platforms
technical_specs,lighting_types,softbox,Technical quality specification,All platforms
technical_specs,lighting_types,umbrella,Technical quality specification,All platforms
technical_specs,lighting_types,backlighting,Technical quality specification,All platforms
technical_specs,lighting_types,front lighting,Technical quality specification,All platforms
technical_specs,lighting_types,side lighting,Technical quality specification,All platforms
technical_specs,lighting_types,top lighting,Technical quality specification,All platforms
technical_specs,lighting_types,rim lighting,Technical quality specification,All platforms
technical_specs,lighting_types,edge lighting,Technical quality specification,All platforms
technical_specs,lighting_types,hair lighting,Technical quality specification,All platforms
technical_specs,lighting_types,key light,Technical quality specification,All platforms
technical_specs,lighting_types,fill light,Technical quality specification,All platforms
technical_specs,lighting_types,three-point lighting,Technical quality specification,All platforms
technical_specs,lighting_types,Rembrandt lighting,Technical quality specification,All platforms
technical_specs,lighting_types,butterfly lighting,Technical quality specification,All platforms
technical_specs,lighting_types,loop lighting,Technical quality specification,All platforms
technical_specs,lighting_types,split lighting,Technical quality specification,All platforms
technical_specs,lighting_types,broad lighting,Technical quality specification,All platforms
technical_specs,lighting_types,short lighting,Technical quality specification,All platforms
aesthetics,colors,red,Visual aesthetic enhancement,All platforms
aesthetics,colors,orange,Visual aesthetic enhancement,All platforms
aesthetics,colors,yellow,Visual aesthetic enhancement,All platforms
aesthetics,colors,green,Visual aesthetic enhancement,All platforms
aesthetics,colors,blue,Visual aesthetic enhancement,All platforms
aesthetics,colors,purple,Visual aesthetic enhancement,All platforms
aesthetics,colors,pink,Visual aesthetic enhancement,All platforms
aesthetics,colors,brown,Visual aesthetic enhancement,All platforms
aesthetics,colors,black,Visual aesthetic enhancement,All platforms
aesthetics,colors,white,Visual aesthetic enhancement,All platforms
aesthetics,colors,gray,Visual aesthetic enhancement,All platforms
aesthetics,colors,grey,Visual aesthetic enhancement,All platforms
aesthetics,colors,silver,Visual aesthetic enhancement,All platforms
aesthetics,colors,gold,Visual aesthetic enhancement,All platforms
aesthetics,colors,bronze,Visual aesthetic enhancement,All platforms
aesthetics,colors,copper,Visual aesthetic enhancement,All platforms
aesthetics,colors,beige,Visual aesthetic enhancement,All platforms
aesthetics,colors,tan,Visual aesthetic enhancement,All platforms
aesthetics,colors,cream,Visual aesthetic enhancement,All platforms
aesthetics,colors,ivory,Visual aesthetic enhancement,All platforms
aesthetics,colors,pearl,Visual aesthetic enhancement,All platforms
aesthetics,colors,platinum,Visual aesthetic enhancement,All platforms
aesthetics,colors,charcoal,Visual aesthetic enhancement,All platforms
aesthetics,colors,crimson,Visual aesthetic enhancement,All platforms
aesthetics,colors,scarlet,Visual aesthetic enhancement,All platforms
aesthetics,colors,burgundy,Visual aesthetic enhancement,All platforms
aesthetics,colors,maroon,Visual aesthetic enhancement,All platforms
aesthetics,colors,cherry,Visual aesthetic enhancement,All platforms
aesthetics,colors,ruby,Visual aesthetic enhancement,All platforms
aesthetics,colors,wine,Visual aesthetic enhancement,All platforms
aesthetics,colors,coral,Visual aesthetic enhancement,All platforms
aesthetics,colors,salmon,Visual aesthetic enhancement,All platforms
aesthetics,colors,peach,Visual aesthetic enhancement,All platforms
aesthetics,colors,apricot,Visual aesthetic enhancement,All platforms
aesthetics,colors,amber,Visual aesthetic enhancement,All platforms
aesthetics,colors,citrine,Visual aesthetic enhancement,All platforms
aesthetics,colors,honey,Visual aesthetic enhancement,All platforms
aesthetics,colors,lime,Visual aesthetic enhancement,All platforms
aesthetics,colors,mint,Visual aesthetic enhancement,All platforms
aesthetics,colors,sage,Visual aesthetic enhancement,All platforms
aesthetics,colors,olive,Visual aesthetic enhancement,All platforms
aesthetics,colors,forest,Visual aesthetic enhancement,All platforms
aesthetics,colors,emerald,Visual aesthetic enhancement,All platforms
aesthetics,colors,jade,Visual aesthetic enhancement,All platforms
aesthetics,colors,teal,Visual aesthetic enhancement,All platforms
aesthetics,colors,turquoise,Visual aesthetic enhancement,All platforms
aesthetics,colors,cyan,Visual aesthetic enhancement,All platforms
aesthetics,colors,azure,Visual aesthetic enhancement,All platforms
aesthetics,colors,cerulean,Visual aesthetic enhancement,All platforms
aesthetics,colors,cobalt,Visual aesthetic enhancement,All platforms
aesthetics,colors,navy,Visual aesthetic enhancement,All platforms
aesthetics,colors,royal blue,Visual aesthetic enhancement,All platforms
aesthetics,colors,indigo,Visual aesthetic enhancement,All platforms
aesthetics,colors,violet,Visual aesthetic enhancement,All platforms
aesthetics,colors,lavender,Visual aesthetic enhancement,All platforms
aesthetics,colors,lilac,Visual aesthetic enhancement,All platforms
aesthetics,colors,plum,Visual aesthetic enhancement,All platforms
aesthetics,colors,magenta,Visual aesthetic enhancement,All platforms
aesthetics,colors,fuchsia,Visual aesthetic enhancement,All platforms
aesthetics,colors,rose,Visual aesthetic enhancement,All platforms
aesthetics,colors,pink,Visual aesthetic enhancement,All platforms
aesthetics,colors,blush,Visual aesthetic enhancement,All platforms
aesthetics,colors,salmon pink,Visual aesthetic enhancement,All platforms
aesthetics,colors,hot pink,Visual aesthetic enhancement,All platforms
aesthetics,colors,neon pink,Visual aesthetic enhancement,All platforms
aesthetics,textures,smooth,Visual aesthetic enhancement,All platforms
aesthetics,textures,rough,Visual aesthetic enhancement,All platforms
aesthetics,textures,bumpy,Visual aesthetic enhancement,All platforms
aesthetics,textures,textured,Visual aesthetic enhancement,All platforms
aesthetics,textures,coarse,Visual aesthetic enhancement,All platforms
aesthetics,textures,fine,Visual aesthetic enhancement,All platforms
aesthetics,textures,grainy,Visual aesthetic enhancement,All platforms
aesthetics,textures,glossy,Visual aesthetic enhancement,All platforms
aesthetics,textures,matte,Visual aesthetic enhancement,All platforms
aesthetics,textures,satin,Visual aesthetic enhancement,All platforms
aesthetics,textures,shiny,Visual aesthetic enhancement,All platforms
aesthetics,textures,dull,Visual aesthetic enhancement,All platforms
aesthetics,textures,lustrous,Visual aesthetic enhancement,All platforms
aesthetics,textures,polished,Visual aesthetic enhancement,All platforms
aesthetics,textures,metallic,Visual aesthetic enhancement,All platforms
aesthetics,textures,reflective,Visual aesthetic enhancement,All platforms
aesthetics,textures,mirror-like,Visual aesthetic enhancement,All platforms
aesthetics,textures,transparent,Visual aesthetic enhancement,All platforms
aesthetics,textures,translucent,Visual aesthetic enhancement,All platforms
aesthetics,textures,opaque,Visual aesthetic enhancement,All platforms
aesthetics,textures,frosted,Visual aesthetic enhancement,All platforms
aesthetics,textures,etched,Visual aesthetic enhancement,All platforms
aesthetics,textures,sandblasted,Visual aesthetic enhancement,All platforms
aesthetics,textures,brushed,Visual aesthetic enhancement,All platforms
aesthetics,textures,hammered,Visual aesthetic enhancement,All platforms
aesthetics,textures,fabric,Visual aesthetic enhancement,All platforms
aesthetics,textures,textile,Visual aesthetic enhancement,All platforms
aesthetics,textures,woven,Visual aesthetic enhancement,All platforms
aesthetics,textures,knitted,Visual aesthetic enhancement,All platforms
aesthetics,textures,felted,Visual aesthetic enhancement,All platforms
aesthetics,textures,embroidered,Visual aesthetic enhancement,All platforms
aesthetics,textures,leather,Visual aesthetic enhancement,All platforms
aesthetics,textures,suede,Visual aesthetic enhancement,All platforms
aesthetics,textures,patent leather,Visual aesthetic enhancement,All platforms
aesthetics,textures,wood,Visual aesthetic enhancement,All platforms
aesthetics,textures,grain,Visual aesthetic enhancement,All platforms
aesthetics,textures,marble,Visual aesthetic enhancement,All platforms
aesthetics,textures,granite,Visual aesthetic enhancement,All platforms
aesthetics,textures,stone,Visual aesthetic enhancement,All platforms
aesthetics,textures,concrete,Visual aesthetic enhancement,All platforms
aesthetics,textures,brick,Visual aesthetic enhancement,All platforms
aesthetics,textures,ceramic,Visual aesthetic enhancement,All platforms
aesthetics,textures,porcelain,Visual aesthetic enhancement,All platforms
aesthetics,textures,glass,Visual aesthetic enhancement,All platforms
aesthetics,textures,crystal,Visual aesthetic enhancement,All platforms
aesthetics,textures,plastic,Visual aesthetic enhancement,All platforms
aesthetics,textures,rubber,Visual aesthetic enhancement,All platforms
aesthetics,textures,metal,Visual aesthetic enhancement,All platforms
aesthetics,textures,steel,Visual aesthetic enhancement,All platforms
aesthetics,textures,iron,Visual aesthetic enhancement,All platforms
aesthetics,moods_emotions,happy,Visual aesthetic enhancement,All platforms
aesthetics,moods_emotions,joyful,Visual aesthetic enhancement,All platforms
aesthetics,moods_emotions,cheerful,Visual aesthetic enhancement,All platforms
aesthetics,moods_emotions,upbeat,Visual aesthetic enhancement,All platforms
aesthetics,moods_emotions,optimistic,Visual aesthetic enhancement,All platforms
aesthetics,moods_emotions,bright,Visual aesthetic enhancement,All platforms
aesthetics,moods_emotions,sunny,Visual aesthetic enhancement,All platforms
aesthetics,moods_emotions,excited,Visual aesthetic enhancement,All platforms
aesthetics,moods_emotions,thrilled,Visual aesthetic enhancement,All platforms
aesthetics,moods_emotions,energetic,Visual aesthetic enhancement,All platforms
aesthetics,moods_emotions,vibrant,Visual aesthetic enhancement,All platforms
aesthetics,moods_emotions,dynamic,Visual aesthetic enhancement,All platforms
aesthetics,moods_emotions,lively,Visual aesthetic enhancement,All platforms
aesthetics,moods_emotions,sad,Visual aesthetic enhancement,All platforms
aesthetics,moods_emotions,melancholy,Visual aesthetic enhancement,All platforms
aesthetics,moods_emotions,sorrowful,Visual aesthetic enhancement,All platforms
aesthetics,moods_emotions,gloomy,Visual aesthetic enhancement,All platforms
aesthetics,moods_emotions,somber,Visual aesthetic enhancement,All platforms
aesthetics,moods_emotions,wistful,Visual aesthetic enhancement,All platforms
aesthetics,moods_emotions,peaceful,Visual aesthetic enhancement,All platforms
aesthetics,moods_emotions,calm,Visual aesthetic enhancement,All platforms
aesthetics,moods_emotions,serene,Visual aesthetic enhancement,All platforms
aesthetics,moods_emotions,tranquil,Visual aesthetic enhancement,All platforms
aesthetics,moods_emotions,relaxed,Visual aesthetic enhancement,All platforms
aesthetics,moods_emotions,content,Visual aesthetic enhancement,All platforms
aesthetics,moods_emotions,dramatic,Visual aesthetic enhancement,All platforms
aesthetics,moods_emotions,intense,Visual aesthetic enhancement,All platforms
aesthetics,moods_emotions,powerful,Visual aesthetic enhancement,All platforms
aesthetics,moods_emotions,bold,Visual aesthetic enhancement,All platforms
aesthetics,moods_emotions,striking,Visual aesthetic enhancement,All platforms
aesthetics,moods_emotions,epic,Visual aesthetic enhancement,All platforms
aesthetics,moods_emotions,mysterious,Visual aesthetic enhancement,All platforms
aesthetics,moods_emotions,enigmatic,Visual aesthetic enhancement,All platforms
aesthetics,moods_emotions,secretive,Visual aesthetic enhancement,All platforms
aesthetics,moods_emotions,intriguing,Visual aesthetic enhancement,All platforms
aesthetics,moods_emotions,mystical,Visual aesthetic enhancement,All platforms
aesthetics,moods_emotions,romantic,Visual aesthetic enhancement,All platforms
aesthetics,moods_emotions,loving,Visual aesthetic enhancement,All platforms
aesthetics,moods_emotions,tender,Visual aesthetic enhancement,All platforms
aesthetics,moods_emotions,gentle,Visual aesthetic enhancement,All platforms
aesthetics,moods_emotions,intimate,Visual aesthetic enhancement,All platforms
aesthetics,moods_emotions,passionate,Visual aesthetic enhancement,All platforms
aesthetics,moods_emotions,playful,Visual aesthetic enhancement,All platforms
aesthetics,moods_emotions,mischievous,Visual aesthetic enhancement,All platforms
aesthetics,moods_emotions,whimsical,Visual aesthetic enhancement,All platforms
aesthetics,moods_emotions,fun,Visual aesthetic enhancement,All platforms
aesthetics,moods_emotions,lighthearted,Visual aesthetic enhancement,All platforms
aesthetics,moods_emotions,elegant,Visual aesthetic enhancement,All platforms
aesthetics,moods_emotions,graceful,Visual aesthetic enhancement,All platforms
aesthetics,moods_emotions,sophisticated,Visual aesthetic enhancement,All platforms
aesthetics,moods_emotions,refined,Visual aesthetic enhancement,All platforms
aesthetics,moods_emotions,classy,Visual aesthetic enhancement,All platforms
aesthetics,moods_emotions,dark,Visual aesthetic enhancement,All platforms
aesthetics,moods_emotions,moody,Visual aesthetic enhancement,All platforms
aesthetics,moods_emotions,brooding,Visual aesthetic enhancement,All platforms
aesthetics,moods_emotions,ominous,Visual aesthetic enhancement,All platforms
aesthetics,moods_emotions,foreboding,Visual aesthetic enhancement,All platforms
aesthetics,moods_emotions,sinister,Visual aesthetic enhancement,All platforms
